{
  "mean": {
    "\u0394EMA": 0.7255184919245016,
    "RSI_14": 50.2338313523531,
    "Stoch_%K": 50.72064364426167,
    "Stoch_%D": 50.720093506674175,
    "VWAP_Dev": 52.903875083985675,
    "LogRet_1m": 1.5353087423172792e-06
  },
  "std": {
    "\u0394EMA": 63.88900583299366,
    "RSI_14": 16.878850203257358,
    "Stoch_%K": 32.8646594532963,
    "Stoch_%D": 29.66975543925907,
    "VWAP_Dev": 653.5320287430993,
    "LogRet_1m": 0.0006310562328020106
  },
  "split": {
    "train_end": 367903,
    "val_end": 446740,
    "rows": 525577
  }
}